[{"time":0.0,"pose":{"rotation":{"radians":0.0},"translation":{"x":2.0,"y":2.0}},"velocity":0,"acceleration":2.0,"curvature":0,"holonomicRotation":0.0,"angularVelocity":0.0,"holonomicAngularVelocity":0.0},{"time":0.019389890686470374,"pose":{"rotation":{"radians":0.0},"translation":{"x":2.0003759678608333,"y":2.0}},"velocity":0.038779781372940754,"acceleration":2.0000000000000004,"curvature":0,"holonomicRotation":0.0,"angularVelocity":0.0,"holonomicAngularVelocity":0.0},{"time":0.028991345747028236,"pose":{"rotation":{"radians":0.0},"translation":{"x":2.0008404981282237,"y":2.0}},"velocity":0.05798269149405647,"acceleration":1.9999999999999993,"curvature":0,"holonomicRotation":0.0,"angularVelocity":0.0,"holonomicAngularVelocity":0.0},{"time":0.03732119510426754,"pose":{"rotation":{"radians":0.0},"translation":{"x":2.001392871604011,"y":2.0}},"velocity":0.07464239020853508,"acceleration":2.0,"curvature":0,"holonomicRotation":0.0,"angularVelocity":0.0,"holonomicAngularVelocity":0.0},{"time":0.04508180442298341,"pose":{"rotation":{"radians":0.0},"translation":{"x":2.002032369090032,"y":2.0}},"velocity":0.09016360884596683,"acceleration":2.0000000000000018,"curvature":0,"holonomicRotation":0.0,"angularVelocity":0.0,"holonomicAngularVelocity":0.0},{"time":0.05251924778713682,"pose":{"rotation":{"radians":0.0},"translation":{"x":2.0027582713881267,"y":2.0}},"velocity":0.10503849557427365,"acceleration":2.0,"curvature":0,"holonomicRotation":0.0,"angularVelocity":0.0,"holonomicAngularVelocity":0.0},{"time":0.059748299558506114,"pose":{"rotation":{"radians":0.0},"translation":{"x":2.003569859300133,"y":2.0}},"velocity":0.11949659911701224,"acceleration":2.0,"curvature":0,"holonomicRotation":0.0,"angularVelocity":0.0,"holonomicAngularVelocity":0.0},{"time":0.0668312324283308,"pose":{"rotation":{"radians":0.0},"translation":{"x":2.0044664136278896,"y":2.0}},"velocity":0.13366246485666164,"acceleration":2.0000000000000018,"curvature":0,"holonomicRotation":0.0,"angularVelocity":0.0,"holonomicAngularVelocity":0.0},{"time":0.07380525166432932,"pose":{"rotation":{"radians":0.0},"translation":{"x":2.005447215173235,"y":2.0}},"velocity":0.14761050332865866,"acceleration":2.0,"curvature":0,"holonomicRotation":0.0,"angularVelocity":0.0,"holonomicAngularVelocity":0.0},{"time":0.08069414314563748,"pose":{"rotation":{"radians":0.0},"translation":{"x":2.0065115447380086,"y":2.0}},"velocity":0.161388286291275,"acceleration":2.0,"curvature":0,"holonomicRotation":0.0,"angularVelocity":0.0,"holonomicAngularVelocity":0.0},{"time":0.08751390246154127,"pose":{"rotation":{"radians":0.0},"translation":{"x":2.007658683124048,"y":2.0}},"velocity":0.17502780492308256,"acceleration":2.0,"curvature":0,"holonomicRotation":0.0,"angularVelocity":0.0,"holonomicAngularVelocity":0.0},{"time":0.0942757186829761,"pose":{"rotation":{"radians":0.0},"translation":{"x":2.0088879111331917,"y":2.0}},"velocity":0.18855143736595223,"acceleration":2.0,"curvature":0,"holonomicRotation":0.0,"angularVelocity":0.0,"holonomicAngularVelocity":0.0},{"time":0.10098767037257056,"pose":{"rotation":{"radians":0.0},"translation":{"x":2.010198509567279,"y":2.0}},"velocity":0.20197534074514117,"acceleration":2.000000000000004,"curvature":0,"holonomicRotation":0.0,"angularVelocity":0.0,"holonomicAngularVelocity":0.0},{"time":0.10765574405552264,"pose":{"rotation":{"radians":0.0},"translation":{"x":2.011589759228148,"y":2.0}},"velocity":0.21531148811104533,"acceleration":2.0,"curvature":0,"holonomicRotation":0.0,"angularVelocity":0.0,"holonomicAngularVelocity":0.0},{"time":0.11428447365079089,"pose":{"rotation":{"radians":0.0},"translation":{"x":2.0130609409176383,"y":2.0}},"velocity":0.22856894730158184,"acceleration":2.0,"curvature":0,"holonomicRotation":0.0,"angularVelocity":0.0,"holonomicAngularVelocity":0.0},{"time":0.12087735700943733,"pose":{"rotation":{"radians":0.0},"translation":{"x":2.014611335437587,"y":2.0}},"velocity":0.2417547140188747,"acceleration":1.9999999999999958,"curvature":0,"holonomicRotation":0.0,"angularVelocity":0.0,"holonomicAngularVelocity":0.0},{"time":0.12743713583502264,"pose":{"rotation":{"radians":0.0},"translation":{"x":2.016240223589834,"y":2.0}},"velocity":0.2548742716700453,"acceleration":1.9999999999999958,"curvature":0,"holonomicRotation":0.0,"angularVelocity":0.0,"holonomicAngularVelocity":0.0},{"time":0.13396598887858308,"pose":{"rotation":{"radians":0.0},"translation":{"x":2.0179468861762166,"y":2.0}},"velocity":0.26793197775716615,"acceleration":2.0,"curvature":0,"holonomicRotation":0.0,"angularVelocity":0.0,"holonomicAngularVelocity":0.0},{"time":0.14046566839827548,"pose":{"rotation":{"radians":0.0},"translation":{"x":2.0197306039985743,"y":2.0}},"velocity":0.28093133679655097,"acceleration":2.0,"curvature":0,"holonomicRotation":0.0,"angularVelocity":0.0,"holonomicAngularVelocity":0.0},{"time":0.14693759851973037,"pose":{"rotation":{"radians":0.0},"translation":{"x":2.0215906578587455,"y":2.0}},"velocity":0.29387519703946074,"acceleration":2.0,"curvature":0,"holonomicRotation":0.0,"angularVelocity":0.0,"holonomicAngularVelocity":0.0},{"time":0.15338294741779063,"pose":{"rotation":{"radians":0.0},"translation":{"x":2.0235263285585687,"y":2.0}},"velocity":0.30676589483558125,"acceleration":2.0,"curvature":0,"holonomicRotation":0.0,"angularVelocity":0.0,"holonomicAngularVelocity":0.0},{"time":0.15980268114109392,"pose":{"rotation":{"radians":0.0},"translation":{"x":2.025536896899882,"y":2.0}},"velocity":0.31960536228218783,"acceleration":2.0,"curvature":0,"holonomicRotation":0.0,"angularVelocity":0.0,"holonomicAngularVelocity":0.0},{"time":0.16619760432847738,"pose":{"rotation":{"radians":0.0},"translation":{"x":2.027621643684525,"y":2.0}},"velocity":0.33239520865695477,"acceleration":2.0,"curvature":0,"holonomicRotation":0.0,"angularVelocity":0.0,"holonomicAngularVelocity":0.0},{"time":0.17256839141145233,"pose":{"rotation":{"radians":0.0},"translation":{"x":2.0297798497143362,"y":2.0}},"velocity":0.34513678282290466,"acceleration":2.0,"curvature":0,"holonomicRotation":0.0,"angularVelocity":0.0,"holonomicAngularVelocity":0.0},{"time":0.17891561080898866,"pose":{"rotation":{"radians":0.0},"translation":{"x":2.0320107957911535,"y":2.0}},"velocity":0.3578312216179773,"acceleration":2.0,"curvature":0,"holonomicRotation":0.0,"angularVelocity":0.0,"holonomicAngularVelocity":0.0},{"time":0.18523974389103423,"pose":{"rotation":{"radians":0.0},"translation":{"x":2.034313762716816,"y":2.0}},"velocity":0.37047948778206846,"acceleration":2.0,"curvature":0,"holonomicRotation":0.0,"angularVelocity":0.0,"holonomicAngularVelocity":0.0},{"time":0.1915411999888318,"pose":{"rotation":{"radians":0.0},"translation":{"x":2.0366880312931617,"y":2.0}},"velocity":0.3830823999776636,"acceleration":2.0,"curvature":0,"holonomicRotation":0.0,"angularVelocity":0.0,"holonomicAngularVelocity":0.0},{"time":0.19782032838419208,"pose":{"rotation":{"radians":0.0},"translation":{"x":2.0391328823220296,"y":2.0}},"velocity":0.39564065676838417,"acceleration":2.0,"curvature":0,"holonomicRotation":0.0,"angularVelocity":0.0,"holonomicAngularVelocity":0.0},{"time":0.2040774279660989,"pose":{"rotation":{"radians":0.0},"translation":{"x":2.0416475966052583,"y":2.0}},"velocity":0.4081548559321978,"acceleration":2.0,"curvature":0,"holonomicRotation":0.0,"angularVelocity":0.0,"holonomicAngularVelocity":0.0},{"time":0.210312755068936,"pose":{"rotation":{"radians":0.0},"translation":{"x":2.0442314549446863,"y":2.0}},"velocity":0.42062551013787197,"acceleration":1.9999999999999911,"curvature":0,"holonomicRotation":0.0,"angularVelocity":0.0,"holonomicAngularVelocity":0.0},{"time":0.21652652988064192,"pose":{"rotation":{"radians":0.0},"translation":{"x":2.0468837381421525,"y":2.0}},"velocity":0.4330530597612838,"acceleration":2.0,"curvature":0,"holonomicRotation":0.0,"angularVelocity":0.0,"holonomicAngularVelocity":0.0},{"time":0.22271894171689824,"pose":{"rotation":{"radians":0.0},"translation":{"x":2.049603726999495,"y":2.0}},"velocity":0.4454378834337964,"acceleration":2.0,"curvature":0,"holonomicRotation":0.0,"angularVelocity":0.0,"holonomicAngularVelocity":0.0},{"time":0.22889015338924704,"pose":{"rotation":{"radians":0.0},"translation":{"x":2.052390702318553,"y":2.0}},"velocity":0.457780306778494,"acceleration":2.0,"curvature":0,"holonomicRotation":0.0,"angularVelocity":0.0,"holonomicAngularVelocity":0.0},{"time":0.23504030484400737,"pose":{"rotation":{"radians":0.0},"translation":{"x":2.055243944901164,"y":2.0}},"velocity":0.4700806096880147,"acceleration":2.0,"curvature":0,"holonomicRotation":0.0,"angularVelocity":0.0,"holonomicAngularVelocity":0.0},{"time":0.24116951621041915,"pose":{"rotation":{"radians":0.0},"translation":{"x":2.0581627355491676,"y":2.0}},"velocity":0.48233903242083825,"acceleration":2.0,"curvature":0,"holonomicRotation":0.0,"angularVelocity":0.0,"holonomicAngularVelocity":0.0},{"time":0.24727789036709744,"pose":{"rotation":{"radians":0.0},"translation":{"x":2.0611463550644022,"y":2.0}},"velocity":0.4945557807341948,"acceleration":2.0,"curvature":0,"holonomicRotation":0.0,"angularVelocity":0.0,"holonomicAngularVelocity":0.0},{"time":0.2533655151134549,"pose":{"rotation":{"radians":0.0},"translation":{"x":2.0641940842487063,"y":2.0}},"velocity":0.5067310302269097,"acceleration":1.999999999999991,"curvature":0,"holonomicRotation":0.0,"angularVelocity":0.0,"holonomicAngularVelocity":0.0},{"time":0.2594324650153068,"pose":{"rotation":{"radians":0.0},"translation":{"x":2.0673052039039184,"y":2.0}},"velocity":0.5188649300306135,"acceleration":2.0,"curvature":0,"holonomicRotation":0.0,"angularVelocity":0.0,"holonomicAngularVelocity":0.0},{"time":0.2654788029803452,"pose":{"rotation":{"radians":0.0},"translation":{"x":2.070478994831877,"y":2.0}},"velocity":0.5309576059606903,"acceleration":2.0,"curvature":0,"holonomicRotation":0.0,"angularVelocity":0.0,"holonomicAngularVelocity":0.0},{"time":0.27150458160852725,"pose":{"rotation":{"radians":0.0},"translation":{"x":2.0737147378344214,"y":2.0}},"velocity":0.5430091632170544,"acceleration":2.0,"curvature":0,"holonomicRotation":0.0,"angularVelocity":0.0,"holonomicAngularVelocity":0.0},{"time":0.27750984435401393,"pose":{"rotation":{"radians":0.0},"translation":{"x":2.077011713713389,"y":2.0}},"velocity":0.5550196887080278,"acceleration":2.0,"curvature":0,"holonomicRotation":0.0,"angularVelocity":0.0,"holonomicAngularVelocity":0.0},{"time":0.28349462652865076,"pose":{"rotation":{"radians":0.0},"translation":{"x":2.080369203270619,"y":2.0}},"velocity":0.5669892530573014,"acceleration":2.0,"curvature":0,"holonomicRotation":0.0,"angularVelocity":0.0,"holonomicAngularVelocity":0.0},{"time":0.28945895617159756,"pose":{"rotation":{"radians":0.0},"translation":{"x":2.083786487307951,"y":2.0}},"velocity":0.578917912343195,"acceleration":2.0,"curvature":0,"holonomicRotation":0.0,"angularVelocity":0.0,"holonomicAngularVelocity":0.0},{"time":0.2954028548054701,"pose":{"rotation":{"radians":0.0},"translation":{"x":2.0872628466272216,"y":2.0}},"velocity":0.5908057096109401,"acceleration":2.0,"curvature":0,"holonomicRotation":0.0,"angularVelocity":0.0,"holonomicAngularVelocity":0.0},{"time":0.3013263380958767,"pose":{"rotation":{"radians":0.0},"translation":{"x":2.0907975620302706,"y":2.0}},"velocity":0.6026526761917533,"acceleration":2.0,"curvature":0,"holonomicRotation":0.0,"angularVelocity":0.0,"holonomicAngularVelocity":0.0},{"time":0.30722941642840235,"pose":{"rotation":{"radians":0.0},"translation":{"x":2.0943899143189366,"y":2.0}},"velocity":0.6144588328568046,"acceleration":2.0,"curvature":0,"holonomicRotation":0.0,"angularVelocity":0.0,"holonomicAngularVelocity":0.0},{"time":0.313112095414817,"pose":{"rotation":{"radians":0.0},"translation":{"x":2.0980391842950574,"y":2.0}},"velocity":0.6262241908296339,"acceleration":2.0,"curvature":0,"holonomicRotation":0.0,"angularVelocity":0.0,"holonomicAngularVelocity":0.0},{"time":0.3189743763384026,"pose":{"rotation":{"radians":0.0},"translation":{"x":2.101744652760473,"y":2.0}},"velocity":0.6379487526768051,"acceleration":2.0,"curvature":0,"holonomicRotation":0.0,"angularVelocity":0.0,"holonomicAngularVelocity":0.0},{"time":0.32481625654671376,"pose":{"rotation":{"radians":0.0},"translation":{"x":2.1055056005170205,"y":2.0}},"velocity":0.6496325130934274,"acceleration":2.0,"curvature":0,"holonomicRotation":0.0,"angularVelocity":0.0,"holonomicAngularVelocity":0.0},{"time":0.33063772979885386,"pose":{"rotation":{"radians":0.0},"translation":{"x":2.10932130836654,"y":2.0}},"velocity":0.6612754595977076,"acceleration":2.0,"curvature":0,"holonomicRotation":0.0,"angularVelocity":0.0,"holonomicAngularVelocity":0.0},{"time":0.33643878657323173,"pose":{"rotation":{"radians":0.0},"translation":{"x":2.1131910571108685,"y":2.0}},"velocity":0.6728775731464633,"acceleration":2.0,"curvature":0,"holonomicRotation":0.0,"angularVelocity":0.0,"holonomicAngularVelocity":0.0},{"time":0.34221941434092473,"pose":{"rotation":{"radians":0.0},"translation":{"x":2.1171141275518455,"y":2.0}},"velocity":0.6844388286818494,"acceleration":2.0,"curvature":0,"holonomicRotation":0.0,"angularVelocity":0.0,"holonomicAngularVelocity":0.0},{"time":0.3479795978089941,"pose":{"rotation":{"radians":0.0},"translation":{"x":2.1210898004913092,"y":2.0}},"velocity":0.6959591956179881,"acceleration":2.0,"curvature":0,"holonomicRotation":0.0,"angularVelocity":0.0,"holonomicAngularVelocity":0.0},{"time":0.35371931913750326,"pose":{"rotation":{"radians":0.0},"translation":{"x":2.125117356731099,"y":2.0}},"velocity":0.7074386382750064,"acceleration":2.0,"curvature":0,"holonomicRotation":0.0,"angularVelocity":0.0,"holonomicAngularVelocity":0.0},{"time":0.3594385581334483,"pose":{"rotation":{"radians":0.0},"translation":{"x":2.1291960770730523,"y":2.0}},"velocity":0.7188771162668965,"acceleration":2.0,"curvature":0,"holonomicRotation":0.0,"angularVelocity":0.0,"holonomicAngularVelocity":0.0},{"time":0.3651372924243819,"pose":{"rotation":{"radians":0.0},"translation":{"x":2.1333252423190086,"y":2.0}},"velocity":0.7302745848487638,"acceleration":2.0000000000000195,"curvature":0,"holonomicRotation":0.0,"angularVelocity":0.0,"holonomicAngularVelocity":0.0},{"time":0.37081549761411786,"pose":{"rotation":{"radians":0.0},"translation":{"x":2.137504133270806,"y":2.0}},"velocity":0.7416309952282357,"acceleration":2.0,"curvature":0,"holonomicRotation":0.0,"angularVelocity":0.0,"holonomicAngularVelocity":0.0},{"time":0.3764731474226063,"pose":{"rotation":{"radians":0.0},"translation":{"x":2.1417320307302834,"y":2.0}},"velocity":0.7529462948452126,"acceleration":2.0,"curvature":0,"holonomicRotation":0.0,"angularVelocity":0.0,"holonomicAngularVelocity":0.0},{"time":0.3821102138117738,"pose":{"rotation":{"radians":0.0},"translation":{"x":2.1460082154992794,"y":2.0}},"velocity":0.7642204276235476,"acceleration":2.0,"curvature":0,"holonomicRotation":0.0,"angularVelocity":0.0,"holonomicAngularVelocity":0.0},{"time":0.38772666709891396,"pose":{"rotation":{"radians":0.0},"translation":{"x":2.150331968379632,"y":2.0}},"velocity":0.7754533341978279,"acceleration":2.0,"curvature":0,"holonomicRotation":0.0,"angularVelocity":0.0,"holonomicAngularVelocity":0.0},{"time":0.3933224760589974,"pose":{"rotation":{"radians":0.0},"translation":{"x":2.1547025701731806,"y":2.0}},"velocity":0.7866449521179948,"acceleration":2.0,"curvature":0,"holonomicRotation":0.0,"angularVelocity":0.0,"holonomicAngularVelocity":0.0},{"time":0.398897608017099,"pose":{"rotation":{"radians":0.0},"translation":{"x":2.159119301681763,"y":2.0}},"velocity":0.797795216034198,"acceleration":2.0,"curvature":0,"holonomicRotation":0.0,"angularVelocity":0.0,"holonomicAngularVelocity":0.0},{"time":0.40445202893200916,"pose":{"rotation":{"radians":0.0},"translation":{"x":2.1635814437072187,"y":2.0}},"velocity":0.8089040578640183,"acceleration":2.0,"curvature":0,"holonomicRotation":0.0,"angularVelocity":0.0,"holonomicAngularVelocity":0.0},{"time":0.40998570347194535,"pose":{"rotation":{"radians":0.0},"translation":{"x":2.168088277051386,"y":2.0}},"velocity":0.8199714069438907,"acceleration":2.0,"curvature":0,"holonomicRotation":0.0,"angularVelocity":0.0,"holonomicAngularVelocity":0.0},{"time":0.41549859508318754,"pose":{"rotation":{"radians":0.0},"translation":{"x":2.1726390825161026,"y":2.0}},"velocity":0.8309971901663752,"acceleration":2.00000000000002,"curvature":0,"holonomicRotation":0.0,"angularVelocity":0.0,"holonomicAngularVelocity":0.0},{"time":0.4209906660523585,"pose":{"rotation":{"radians":0.0},"translation":{"x":2.1772331409032084,"y":2.0}},"velocity":0.8419813321047172,"acceleration":2.0,"curvature":0,"holonomicRotation":0.0,"angularVelocity":0.0,"holonomicAngularVelocity":0.0},{"time":0.4264618775629786,"pose":{"rotation":{"radians":0.0},"translation":{"x":2.181869733014541,"y":2.0}},"velocity":0.8529237551259573,"acceleration":2.0,"curvature":0,"holonomicRotation":0.0,"angularVelocity":0.0,"holonomicAngularVelocity":0.0},{"time":0.43191218974687384,"pose":{"rotation":{"radians":0.0},"translation":{"x":2.1865481396519395,"y":2.0}},"velocity":0.8638243794937478,"acceleration":2.0,"curvature":0,"holonomicRotation":0.0,"angularVelocity":0.0,"holonomicAngularVelocity":0.0},{"time":0.43734156173092253,"pose":{"rotation":{"radians":0.0},"translation":{"x":2.1912676416172423,"y":2.0}},"velocity":0.8746831234618453,"acceleration":2.0000000000000204,"curvature":0,"holonomicRotation":0.0,"angularVelocity":0.0,"holonomicAngularVelocity":0.0},{"time":0.4427499516795997,"pose":{"rotation":{"radians":0.0},"translation":{"x":2.196027519712288,"y":2.0}},"velocity":0.8854999033591996,"acceleration":2.0,"curvature":0,"holonomicRotation":0.0,"angularVelocity":0.0,"holonomicAngularVelocity":0.0},{"time":0.4481373168337079,"pose":{"rotation":{"radians":0.0},"translation":{"x":2.200827054738915,"y":2.0}},"velocity":0.896274633667416,"acceleration":2.0,"curvature":0,"holonomicRotation":0.0,"angularVelocity":0.0,"holonomicAngularVelocity":0.0},{"time":0.4535036135456508,"pose":{"rotation":{"radians":0.0},"translation":{"x":2.205665527498963,"y":2.0}},"velocity":0.9070072270913018,"acceleration":2.0,"curvature":0,"holonomicRotation":0.0,"angularVelocity":0.0,"holonomicAngularVelocity":0.0},{"time":0.45884879731156397,"pose":{"rotation":{"radians":0.0},"translation":{"x":2.2105422187942687,"y":2.0}},"velocity":0.9176975946231282,"acceleration":2.0,"curvature":0,"holonomicRotation":0.0,"angularVelocity":0.0,"holonomicAngularVelocity":0.0},{"time":0.46417282280059513,"pose":{"rotation":{"radians":0.0},"translation":{"x":2.2154564094266727,"y":2.0}},"velocity":0.9283456456011905,"acceleration":2.0,"curvature":0,"holonomicRotation":0.0,"angularVelocity":0.0,"holonomicAngularVelocity":0.0},{"time":0.4694756438815671,"pose":{"rotation":{"radians":0.0},"translation":{"x":2.220407380198012,"y":2.0}},"velocity":0.9389512877631344,"acceleration":2.0,"curvature":0,"holonomicRotation":0.0,"angularVelocity":0.0,"holonomicAngularVelocity":0.0},{"time":0.4747572136472769,"pose":{"rotation":{"radians":0.0},"translation":{"x":2.225394411910126,"y":2.0}},"velocity":0.949514427294554,"acceleration":2.0,"curvature":0,"holonomicRotation":0.0,"angularVelocity":0.0,"holonomicAngularVelocity":0.0},{"time":0.4800174844366121,"pose":{"rotation":{"radians":0.0},"translation":{"x":2.230416785364853,"y":2.0}},"velocity":0.9600349688732244,"acceleration":2.0,"curvature":0,"holonomicRotation":0.0,"angularVelocity":0.0,"holonomicAngularVelocity":0.0},{"time":0.4852564078546841,"pose":{"rotation":{"radians":0.0},"translation":{"x":2.2354737813640315,"y":2.0}},"velocity":0.9705128157093684,"acceleration":2.0,"curvature":0,"holonomicRotation":0.0,"angularVelocity":0.0,"holonomicAngularVelocity":0.0},{"time":0.4904739347911368,"pose":{"rotation":{"radians":0.0},"translation":{"x":2.2405646807095003,"y":2.0}},"velocity":0.9809478695822739,"acceleration":2.0,"curvature":0,"holonomicRotation":0.0,"angularVelocity":0.0,"holonomicAngularVelocity":0.0},{"time":0.49567001543678035,"pose":{"rotation":{"radians":0.0},"translation":{"x":2.245688764203098,"y":2.0}},"velocity":0.9913400308735608,"acceleration":1.9999999999999787,"curvature":0,"holonomicRotation":0.0,"angularVelocity":0.0,"holonomicAngularVelocity":0.0},{"time":0.5008445992986879,"pose":{"rotation":{"radians":0.0},"translation":{"x":2.250845312646663,"y":2.0}},"velocity":1.001689198597376,"acceleration":2.0000000000000213,"curvature":0,"holonomicRotation":0.0,"angularVelocity":0.0,"holonomicAngularVelocity":0.0},{"time":0.5059976352138756,"pose":{"rotation":{"radians":0.0},"translation":{"x":2.2560336068420344,"y":2.0}},"velocity":1.0119952704277515,"acceleration":2.0,"curvature":0,"holonomicRotation":0.0,"angularVelocity":0.0,"holonomicAngularVelocity":0.0},{"time":0.5111290713616767,"pose":{"rotation":{"radians":0.0},"translation":{"x":2.26125292759105,"y":2.0}},"velocity":1.0222581427233537,"acceleration":2.0,"curvature":0,"holonomicRotation":0.0,"angularVelocity":0.0,"holonomicAngularVelocity":0.0},{"time":0.5162388552749098,"pose":{"rotation":{"radians":0.0},"translation":{"x":2.266502555695549,"y":2.0}},"velocity":1.0324777105498195,"acceleration":1.9999999999999565,"curvature":0,"holonomicRotation":0.0,"angularVelocity":0.0,"holonomicAngularVelocity":0.0},{"time":0.5213269338499306,"pose":{"rotation":{"radians":0.0},"translation":{"x":2.27178177195737,"y":2.0}},"velocity":1.0426538676998611,"acceleration":2.0,"curvature":0,"holonomicRotation":0.0,"angularVelocity":0.0,"holonomicAngularVelocity":0.0},{"time":0.5263932533556553,"pose":{"rotation":{"radians":0.0},"translation":{"x":2.277089857178351,"y":2.0}},"velocity":1.0527865067113107,"acceleration":2.0,"curvature":0,"holonomicRotation":0.0,"angularVelocity":0.0,"holonomicAngularVelocity":0.0},{"time":0.5314377594416222,"pose":{"rotation":{"radians":0.0},"translation":{"x":2.2824260921603314,"y":2.0}},"velocity":1.0628755188832444,"acceleration":2.0,"curvature":0,"holonomicRotation":0.0,"angularVelocity":0.0,"holonomicAngularVelocity":0.0},{"time":0.5364603971451658,"pose":{"rotation":{"radians":0.0},"translation":{"x":2.287789757705149,"y":2.0}},"velocity":1.0729207942903316,"acceleration":2.0,"curvature":0,"holonomicRotation":0.0,"angularVelocity":0.0,"holonomicAngularVelocity":0.0},{"time":0.5414611108977662,"pose":{"rotation":{"radians":0.0},"translation":{"x":2.293180134614643,"y":2.0}},"velocity":1.0829222217955325,"acceleration":2.0000000000000444,"curvature":0,"holonomicRotation":0.0,"angularVelocity":0.0,"holonomicAngularVelocity":0.0},{"time":0.5464398445306233,"pose":{"rotation":{"radians":0.0},"translation":{"x":2.2985965036906517,"y":2.0}},"velocity":1.0928796890612469,"acceleration":2.0,"curvature":0,"holonomicRotation":0.0,"angularVelocity":0.0,"holonomicAngularVelocity":0.0},{"time":0.5513965412795166,"pose":{"rotation":{"radians":0.0},"translation":{"x":2.3040381457350136,"y":2.0}},"velocity":1.1027930825590335,"acceleration":2.0,"curvature":0,"holonomicRotation":0.0,"angularVelocity":0.0,"holonomicAngularVelocity":0.0},{"time":0.5563311437889917,"pose":{"rotation":{"radians":0.0},"translation":{"x":2.3095043415495677,"y":2.0}},"velocity":1.1126622875779837,"acceleration":2.0,"curvature":0,"holonomicRotation":0.0,"angularVelocity":0.0,"holonomicAngularVelocity":0.0},{"time":0.561243594115917,"pose":{"rotation":{"radians":0.0},"translation":{"x":2.314994371936152,"y":2.0}},"velocity":1.1224871882318341,"acceleration":2.0,"curvature":0,"holonomicRotation":0.0,"angularVelocity":0.0,"holonomicAngularVelocity":0.0},{"time":0.5661338337324535,"pose":{"rotation":{"radians":0.0},"translation":{"x":2.3205075176966052,"y":2.0}},"velocity":1.1322676674649073,"acceleration":2.0,"curvature":0,"holonomicRotation":0.0,"angularVelocity":0.0,"holonomicAngularVelocity":0.0},{"time":0.5710018035284711,"pose":{"rotation":{"radians":0.0},"translation":{"x":2.3260430596327666,"y":2.0}},"velocity":1.1420036070569424,"acceleration":2.0,"curvature":0,"holonomicRotation":0.0,"angularVelocity":0.0,"holonomicAngularVelocity":0.0},{"time":0.5758474438134412,"pose":{"rotation":{"radians":0.0},"translation":{"x":2.3316002785464742,"y":2.0}},"velocity":1.1516948876268827,"acceleration":2.0,"curvature":0,"holonomicRotation":0.0,"angularVelocity":0.0,"holonomicAngularVelocity":0.0},{"time":0.5806706943178438,"pose":{"rotation":{"radians":0.0},"translation":{"x":2.3371784552395667,"y":2.0}},"velocity":1.1613413886356878,"acceleration":2.0,"curvature":0,"holonomicRotation":0.0,"angularVelocity":0.0,"holonomicAngularVelocity":0.0},{"time":0.585471494194109,"pose":{"rotation":{"radians":0.0},"translation":{"x":2.3427768705138825,"y":2.0}},"velocity":1.1709429883882183,"acceleration":2.0,"curvature":0,"holonomicRotation":0.0,"angularVelocity":0.0,"holonomicAngularVelocity":0.0},{"time":0.5902497820171223,"pose":{"rotation":{"radians":0.0},"translation":{"x":2.34839480517126,"y":2.0}},"velocity":1.1804995640342448,"acceleration":2.0,"curvature":0,"holonomicRotation":0.0,"angularVelocity":0.0,"holonomicAngularVelocity":0.0},{"time":0.5950054957843154,"pose":{"rotation":{"radians":0.0},"translation":{"x":2.3540315400135388,"y":2.0}},"velocity":1.190010991568631,"acceleration":2.0,"curvature":0,"holonomicRotation":0.0,"angularVelocity":0.0,"holonomicAngularVelocity":0.0},{"time":0.5997385729153633,"pose":{"rotation":{"radians":0.0},"translation":{"x":2.3596863558425563,"y":2.0}},"velocity":1.1994771458307267,"acceleration":2.0,"curvature":0,"holonomicRotation":0.0,"angularVelocity":0.0,"holonomicAngularVelocity":0.0},{"time":0.6044489502515099,"pose":{"rotation":{"radians":0.0},"translation":{"x":2.365358533460152,"y":2.0}},"velocity":1.20889790050302,"acceleration":2.0,"curvature":0,"holonomicRotation":0.0,"angularVelocity":0.0,"holonomicAngularVelocity":0.0},{"time":0.609136564054535,"pose":{"rotation":{"radians":0.0},"translation":{"x":2.3710473536681644,"y":2.0}},"velocity":1.2182731281090702,"acceleration":2.0,"curvature":0,"holonomicRotation":0.0,"angularVelocity":0.0,"holonomicAngularVelocity":0.0},{"time":0.6138013500053836,"pose":{"rotation":{"radians":0.0},"translation":{"x":2.3767520972684313,"y":2.0}},"velocity":1.2276027000107674,"acceleration":2.0,"curvature":0,"holonomicRotation":0.0,"angularVelocity":0.0,"holonomicAngularVelocity":0.0},{"time":0.6184432432024722,"pose":{"rotation":{"radians":0.0},"translation":{"x":2.382472045062792,"y":2.0}},"velocity":1.2368864864049447,"acceleration":2.0,"curvature":0,"holonomicRotation":0.0,"angularVelocity":0.0,"holonomicAngularVelocity":0.0},{"time":0.6230621781596802,"pose":{"rotation":{"radians":0.0},"translation":{"x":2.388206477853085,"y":2.0}},"velocity":1.2461243563193607,"acceleration":2.0,"curvature":0,"holonomicRotation":0.0,"angularVelocity":0.0,"holonomicAngularVelocity":0.0},{"time":0.6276580888040466,"pose":{"rotation":{"radians":0.0},"translation":{"x":2.3939546764411483,"y":2.0}},"velocity":1.2553161776080937,"acceleration":2.0000000000000484,"curvature":0,"holonomicRotation":0.0,"angularVelocity":0.0,"holonomicAngularVelocity":0.0},{"time":0.6322309084731791,"pose":{"rotation":{"radians":0.0},"translation":{"x":2.3997159216288213,"y":2.0}},"velocity":1.2644618169463586,"acceleration":2.0,"curvature":0,"holonomicRotation":0.0,"angularVelocity":0.0,"holonomicAngularVelocity":0.0},{"time":0.6367805699123854,"pose":{"rotation":{"radians":0.0},"translation":{"x":2.4054894942179423,"y":2.0}},"velocity":1.2735611398247713,"acceleration":2.0,"curvature":0,"holonomicRotation":0.0,"angularVelocity":0.0,"holonomicAngularVelocity":0.0},{"time":0.6413070052715388,"pose":{"rotation":{"radians":0.0},"translation":{"x":2.4112746750103495,"y":2.0}},"velocity":1.282614010543078,"acceleration":2.0,"curvature":0,"holonomicRotation":0.0,"angularVelocity":0.0,"holonomicAngularVelocity":0.0},{"time":0.645810146101687,"pose":{"rotation":{"radians":0.0},"translation":{"x":2.4170707448078823,"y":2.0}},"velocity":1.2916202922033744,"acceleration":2.0,"curvature":0,"holonomicRotation":0.0,"angularVelocity":0.0,"holonomicAngularVelocity":0.0},{"time":0.6502899233514069,"pose":{"rotation":{"radians":0.0},"translation":{"x":2.4228769844123788,"y":2.0}},"velocity":1.3005798467028142,"acceleration":2.0,"curvature":0,"holonomicRotation":0.0,"angularVelocity":0.0,"holonomicAngularVelocity":0.0},{"time":0.6547462673629207,"pose":{"rotation":{"radians":0.0},"translation":{"x":2.4286926746256774,"y":2.0}},"velocity":1.309492534725842,"acceleration":2.0,"curvature":0,"holonomicRotation":0.0,"angularVelocity":0.0,"holonomicAngularVelocity":0.0},{"time":0.659179107867973,"pose":{"rotation":{"radians":0.0},"translation":{"x":2.4345170962496168,"y":2.0}},"velocity":1.3183582157359461,"acceleration":1.9999999999999498,"curvature":0,"holonomicRotation":0.0,"angularVelocity":0.0,"holonomicAngularVelocity":0.0},{"time":0.6635883739834777,"pose":{"rotation":{"radians":0.0},"translation":{"x":2.440349530086036,"y":2.0}},"velocity":1.3271767479669556,"acceleration":2.0,"curvature":0,"holonomicRotation":0.0,"angularVelocity":0.0,"holonomicAngularVelocity":0.0},{"time":0.66797399420694,"pose":{"rotation":{"radians":0.0},"translation":{"x":2.446189256936773,"y":2.0}},"velocity":1.3359479884138803,"acceleration":2.0,"curvature":0,"holonomicRotation":0.0,"angularVelocity":0.0,"holonomicAngularVelocity":0.0},{"time":0.6723358964116573,"pose":{"rotation":{"radians":0.0},"translation":{"x":2.4520355576036668,"y":2.0}},"velocity":1.3446717928233147,"acceleration":2.0,"curvature":0,"holonomicRotation":0.0,"angularVelocity":0.0,"holonomicAngularVelocity":0.0},{"time":0.6766740078417048,"pose":{"rotation":{"radians":0.0},"translation":{"x":2.4578877128885557,"y":2.0}},"velocity":1.35334801568341,"acceleration":2.0,"curvature":0,"holonomicRotation":0.0,"angularVelocity":0.0,"holonomicAngularVelocity":0.0},{"time":0.680988255106708,"pose":{"rotation":{"radians":0.0},"translation":{"x":2.463745003593279,"y":2.0}},"velocity":1.3619765102134163,"acceleration":2.0,"curvature":0,"holonomicRotation":0.0,"angularVelocity":0.0,"holonomicAngularVelocity":0.0},{"time":0.6852785641764044,"pose":{"rotation":{"radians":0.0},"translation":{"x":2.4696067105196744,"y":2.0}},"velocity":1.3705571283528089,"acceleration":1.9999999999999483,"curvature":0,"holonomicRotation":0.0,"angularVelocity":0.0,"holonomicAngularVelocity":0.0},{"time":0.6895448603750016,"pose":{"rotation":{"radians":0.0},"translation":{"x":2.4754721144695804,"y":2.0}},"velocity":1.3790897207500032,"acceleration":2.0,"curvature":0,"holonomicRotation":0.0,"angularVelocity":0.0,"holonomicAngularVelocity":0.0},{"time":0.6937870683753314,"pose":{"rotation":{"radians":0.0},"translation":{"x":2.4813404962448367,"y":2.0}},"velocity":1.3875741367506629,"acceleration":2.0,"curvature":0,"holonomicRotation":0.0,"angularVelocity":0.0,"holonomicAngularVelocity":0.0},{"time":0.6980051121927984,"pose":{"rotation":{"radians":0.0},"translation":{"x":2.487211136647281,"y":2.0}},"velocity":1.3960102243855967,"acceleration":2.0,"curvature":0,"holonomicRotation":0.0,"angularVelocity":0.0,"holonomicAngularVelocity":0.0},{"time":0.7021989151791337,"pose":{"rotation":{"radians":0.0},"translation":{"x":2.493083316478752,"y":2.0}},"velocity":1.4043978303582674,"acceleration":2.0,"curvature":0,"holonomicRotation":0.0,"angularVelocity":0.0,"holonomicAngularVelocity":0.0},{"time":0.7063684000159469,"pose":{"rotation":{"radians":0.0},"translation":{"x":2.4989563165410886,"y":2.0}},"velocity":1.4127368000318938,"acceleration":2.0,"curvature":0,"holonomicRotation":0.0,"angularVelocity":0.0,"holonomicAngularVelocity":0.0},{"time":0.7105340325400963,"pose":{"rotation":{"radians":0.0},"translation":{"x":2.5048294176361288,"y":2.0}},"velocity":1.4070515807203894,"acceleration":-1.3647913680685004,"curvature":0,"holonomicRotation":0.0,"angularVelocity":0.0,"holonomicAngularVelocity":0.0},{"time":0.7147200951768092,"pose":{"rotation":{"radians":0.0},"translation":{"x":2.510701900565712,"y":2.0}},"velocity":1.3986794554469635,"acceleration":-2.0,"curvature":0,"holonomicRotation":0.0,"angularVelocity":0.0,"holonomicAngularVelocity":0.0},{"time":0.7189304038664038,"pose":{"rotation":{"radians":0.0},"translation":{"x":2.516573046131676,"y":2.0}},"velocity":1.3902588380677743,"acceleration":-2.0,"curvature":0,"holonomicRotation":0.0,"angularVelocity":0.0,"holonomicAngularVelocity":0.0},{"time":0.7231648813916667,"pose":{"rotation":{"radians":0.0},"translation":{"x":2.52244213513586,"y":2.0}},"velocity":1.3817898830172486,"acceleration":-2.0,"curvature":0,"holonomicRotation":0.0,"angularVelocity":0.0,"holonomicAngularVelocity":0.0},{"time":0.7274234511881866,"pose":{"rotation":{"radians":0.0},"translation":{"x":2.5283084483801024,"y":2.0}},"velocity":1.3732727434242087,"acceleration":-2.0,"curvature":0,"holonomicRotation":0.0,"angularVelocity":0.0,"holonomicAngularVelocity":0.0},{"time":0.7317060373375348,"pose":{"rotation":{"radians":0.0},"translation":{"x":2.5341712666662417,"y":2.0}},"velocity":1.3647075711255123,"acceleration":-2.0,"curvature":0,"holonomicRotation":0.0,"angularVelocity":0.0,"holonomicAngularVelocity":0.0},{"time":0.7360125645606168,"pose":{"rotation":{"radians":0.0},"translation":{"x":2.5400298707961166,"y":2.0}},"velocity":1.3560945166793483,"acceleration":-2.0,"curvature":0,"holonomicRotation":0.0,"angularVelocity":0.0,"holonomicAngularVelocity":0.0},{"time":0.740342958211199,"pose":{"rotation":{"radians":0.0},"translation":{"x":2.5458835415715653,"y":2.0}},"velocity":1.347433729378184,"acceleration":-2.0,"curvature":0,"holonomicRotation":0.0,"angularVelocity":0.0,"holonomicAngularVelocity":0.0},{"time":0.744697144269611,"pose":{"rotation":{"radians":0.0},"translation":{"x":2.5517315597944266,"y":2.0}},"velocity":1.33872535726136,"acceleration":-2.0,"curvature":0,"holonomicRotation":0.0,"angularVelocity":0.0,"holonomicAngularVelocity":0.0},{"time":0.7490750493366205,"pose":{"rotation":{"radians":0.0},"translation":{"x":2.5575732062665395,"y":2.0}},"velocity":1.329969547127341,"acceleration":-2.0,"curvature":0,"holonomicRotation":0.0,"angularVelocity":0.0,"holonomicAngularVelocity":0.0},{"time":0.753476600627485,"pose":{"rotation":{"radians":0.0},"translation":{"x":2.563407761789742,"y":2.0}},"velocity":1.321166444545612,"acceleration":-2.0,"curvature":0,"holonomicRotation":0.0,"angularVelocity":0.0,"holonomicAngularVelocity":0.0},{"time":0.7579017259661817,"pose":{"rotation":{"radians":0.0},"translation":{"x":2.5692345071658735,"y":2.0}},"velocity":1.3123161938682186,"acceleration":-2.0,"curvature":0,"holonomicRotation":0.0,"angularVelocity":0.0,"holonomicAngularVelocity":0.0},{"time":0.7623503537798141,"pose":{"rotation":{"radians":0.0},"translation":{"x":2.5750527231967717,"y":2.0}},"velocity":1.3034189382409538,"acceleration":-2.0,"curvature":0,"holonomicRotation":0.0,"angularVelocity":0.0,"holonomicAngularVelocity":0.0},{"time":0.7668224130932021,"pose":{"rotation":{"radians":0.0},"translation":{"x":2.580861690684276,"y":2.0}},"velocity":1.2944748196141775,"acceleration":-2.0000000000000497,"curvature":0,"holonomicRotation":0.0,"angularVelocity":0.0,"holonomicAngularVelocity":0.0},{"time":0.7713178335236502,"pose":{"rotation":{"radians":0.0},"translation":{"x":2.586660690430224,"y":2.0}},"velocity":1.2854839787532812,"acceleration":-2.0,"curvature":0,"holonomicRotation":0.0,"angularVelocity":0.0,"holonomicAngularVelocity":0.0},{"time":0.7758365452759076,"pose":{"rotation":{"radians":0.0},"translation":{"x":2.592449003236455,"y":2.0}},"velocity":1.2764465552487665,"acceleration":-2.0,"curvature":0,"holonomicRotation":0.0,"angularVelocity":0.0,"holonomicAngularVelocity":0.0},{"time":0.7803784791373092,"pose":{"rotation":{"radians":0.0},"translation":{"x":2.5982259099048073,"y":2.0}},"velocity":1.2673626875259634,"acceleration":-2.0,"curvature":0,"holonomicRotation":0.0,"angularVelocity":0.0,"holonomicAngularVelocity":0.0},{"time":0.7849435664731139,"pose":{"rotation":{"radians":0.0},"translation":{"x":2.60399069123712,"y":2.0}},"velocity":1.258232512854354,"acceleration":-2.0,"curvature":0,"holonomicRotation":0.0,"angularVelocity":0.0,"holonomicAngularVelocity":0.0},{"time":0.7895317392220352,"pose":{"rotation":{"radians":0.0},"translation":{"x":2.609742628035231,"y":2.0}},"velocity":1.2490561673565113,"acceleration":-2.0,"curvature":0,"holonomicRotation":0.0,"angularVelocity":0.0,"holonomicAngularVelocity":0.0},{"time":0.794142929891973,"pose":{"rotation":{"radians":0.0},"translation":{"x":2.6154810011009793,"y":2.0}},"velocity":1.2398337860166357,"acceleration":-2.0,"curvature":0,"holonomicRotation":0.0,"angularVelocity":0.0,"holonomicAngularVelocity":0.0},{"time":0.7987770715559498,"pose":{"rotation":{"radians":0.0},"translation":{"x":2.6212050912362033,"y":2.0}},"velocity":1.2305655026886821,"acceleration":-2.0,"curvature":0,"holonomicRotation":0.0,"angularVelocity":0.0,"holonomicAngularVelocity":0.0},{"time":0.8034340978482556,"pose":{"rotation":{"radians":0.0},"translation":{"x":2.6269141792427417,"y":2.0}},"velocity":1.2212514501040705,"acceleration":-2.0,"curvature":0,"holonomicRotation":0.0,"angularVelocity":0.0,"holonomicAngularVelocity":0.0},{"time":0.8081139429608095,"pose":{"rotation":{"radians":0.0},"translation":{"x":2.632607545922433,"y":2.0}},"velocity":1.2118917598789627,"acceleration":-2.0,"curvature":0,"holonomicRotation":0.0,"angularVelocity":0.0,"holonomicAngularVelocity":0.0},{"time":0.8128165416397434,"pose":{"rotation":{"radians":0.0},"translation":{"x":2.6382844720771157,"y":2.0}},"velocity":1.202486562521095,"acceleration":-2.0,"curvature":0,"holonomicRotation":0.0,"angularVelocity":0.0,"holonomicAngularVelocity":0.0},{"time":0.8175418291822167,"pose":{"rotation":{"radians":0.0},"translation":{"x":2.643944238508629,"y":2.0}},"velocity":1.1930359874361482,"acceleration":-2.0,"curvature":0,"holonomicRotation":0.0,"angularVelocity":0.0,"holonomicAngularVelocity":0.0},{"time":0.8222897414334641,"pose":{"rotation":{"radians":0.0},"translation":{"x":2.6495861260188107,"y":2.0}},"velocity":1.1835401629336535,"acceleration":-2.0,"curvature":0,"holonomicRotation":0.0,"angularVelocity":0.0,"holonomicAngularVelocity":0.0},{"time":0.8270602147840966,"pose":{"rotation":{"radians":0.0},"translation":{"x":2.6552094154095,"y":2.0}},"velocity":1.1739992162323885,"acceleration":-2.0,"curvature":0,"holonomicRotation":0.0,"angularVelocity":0.0,"holonomicAngularVelocity":0.0},{"time":0.8318531861676525,"pose":{"rotation":{"radians":0.0},"translation":{"x":2.660813387482535,"y":2.0}},"velocity":1.1644132734652768,"acceleration":-2.0,"curvature":0,"holonomicRotation":0.0,"angularVelocity":0.0,"holonomicAngularVelocity":0.0},{"time":0.8366685930584179,"pose":{"rotation":{"radians":0.0},"translation":{"x":2.666397323039755,"y":2.0}},"velocity":1.154782459683746,"acceleration":-2.0,"curvature":0,"holonomicRotation":0.0,"angularVelocity":0.0,"holonomicAngularVelocity":0.0},{"time":0.8415063734695254,"pose":{"rotation":{"radians":0.0},"translation":{"x":2.6719605028829974,"y":2.0}},"velocity":1.145106898861531,"acceleration":-2.0,"curvature":0,"holonomicRotation":0.0,"angularVelocity":0.0,"holonomicAngularVelocity":0.0},{"time":0.846366465951344,"pose":{"rotation":{"radians":0.0},"translation":{"x":2.677502207814101,"y":2.0}},"velocity":1.1353867138978937,"acceleration":-2.0,"curvature":0,"holonomicRotation":0.0,"angularVelocity":0.0,"holonomicAngularVelocity":0.0},{"time":0.8512488095901752,"pose":{"rotation":{"radians":0.0},"translation":{"x":2.6830217186349063,"y":2.0}},"velocity":1.1256220266202313,"acceleration":-2.0,"curvature":0,"holonomicRotation":0.0,"angularVelocity":0.0,"holonomicAngularVelocity":0.0},{"time":0.8561533440072634,"pose":{"rotation":{"radians":0.0},"translation":{"x":2.6885183161472495,"y":2.0}},"velocity":1.1158129577860547,"acceleration":-2.0000000000000453,"curvature":0,"holonomicRotation":0.0,"angularVelocity":0.0,"holonomicAngularVelocity":0.0},{"time":0.8610800093581554,"pose":{"rotation":{"radians":0.0},"translation":{"x":2.6939912811529707,"y":2.0}},"velocity":1.1059596270842706,"acceleration":-2.0,"curvature":0,"holonomicRotation":0.0,"angularVelocity":0.0,"holonomicAngularVelocity":0.0},{"time":0.8660287463324033,"pose":{"rotation":{"radians":0.0},"translation":{"x":2.6994398944539078,"y":2.0}},"velocity":1.0960621531357748,"acceleration":-2.0,"curvature":0,"holonomicRotation":0.0,"angularVelocity":0.0,"holonomicAngularVelocity":0.0},{"time":0.8709994961536518,"pose":{"rotation":{"radians":0.0},"translation":{"x":2.704863436851899,"y":2.0}},"velocity":1.086120653493278,"acceleration":-2.0,"curvature":0,"holonomicRotation":0.0,"angularVelocity":0.0,"holonomicAngularVelocity":0.0},{"time":0.8759922005801207,"pose":{"rotation":{"radians":0.0},"translation":{"x":2.7102611891487842,"y":2.0}},"velocity":1.07613524464034,"acceleration":-2.0,"curvature":0,"holonomicRotation":0.0,"angularVelocity":0.0,"holonomicAngularVelocity":0.0},{"time":0.8810068019055077,"pose":{"rotation":{"radians":0.0},"translation":{"x":2.7156324321464007,"y":2.0}},"velocity":1.0661060419895663,"acceleration":-1.9999999999999558,"curvature":0,"holonomicRotation":0.0,"angularVelocity":0.0,"holonomicAngularVelocity":0.0},{"time":0.8860432429603444,"pose":{"rotation":{"radians":0.0},"translation":{"x":2.7209764466465876,"y":2.0}},"velocity":1.0560331598798929,"acceleration":-2.0,"curvature":0,"holonomicRotation":0.0,"angularVelocity":0.0,"holonomicAngularVelocity":0.0},{"time":0.8911014671138271,"pose":{"rotation":{"radians":0.0},"translation":{"x":2.7262925134511837,"y":2.0}},"velocity":1.0459167115729275,"acceleration":-2.0,"curvature":0,"holonomicRotation":0.0,"angularVelocity":0.0,"holonomicAngularVelocity":0.0},{"time":0.896181418276157,"pose":{"rotation":{"radians":0.0},"translation":{"x":2.7315799133620273,"y":2.0}},"velocity":1.0357568092482676,"acceleration":-2.0,"curvature":0,"holonomicRotation":0.0,"angularVelocity":0.0,"holonomicAngularVelocity":0.0},{"time":0.9012830409014292,"pose":{"rotation":{"radians":0.0},"translation":{"x":2.7368379271809573,"y":2.0}},"velocity":1.0255535639977233,"acceleration":-2.0,"curvature":0,"holonomicRotation":0.0,"angularVelocity":0.0,"holonomicAngularVelocity":0.0},{"time":0.9064062799911,"pose":{"rotation":{"radians":0.0},"translation":{"x":2.7420658357098118,"y":2.0}},"velocity":1.0153070858183817,"acceleration":-2.0,"curvature":0,"holonomicRotation":0.0,"angularVelocity":0.0,"holonomicAngularVelocity":0.0},{"time":0.9115510810980852,"pose":{"rotation":{"radians":0.0},"translation":{"x":2.7472629197504297,"y":2.0}},"velocity":1.0050174836044112,"acceleration":-2.0,"curvature":0,"holonomicRotation":0.0,"angularVelocity":0.0,"holonomicAngularVelocity":0.0},{"time":0.9167173903315265,"pose":{"rotation":{"radians":0.0},"translation":{"x":2.7524284601046496,"y":2.0}},"velocity":0.9946848651375285,"acceleration":-2.0000000000000213,"curvature":0,"holonomicRotation":0.0,"angularVelocity":0.0,"holonomicAngularVelocity":0.0},{"time":0.9219051543622839,"pose":{"rotation":{"radians":0.0},"translation":{"x":2.75756173757431,"y":2.0}},"velocity":0.9843093370760138,"acceleration":-2.0,"curvature":0,"holonomicRotation":0.0,"angularVelocity":0.0,"holonomicAngularVelocity":0.0},{"time":0.9271143204292074,"pose":{"rotation":{"radians":0.0},"translation":{"x":2.7626620329612495,"y":2.0}},"velocity":0.973891004942167,"acceleration":-1.9999999999999787,"curvature":0,"holonomicRotation":0.0,"angularVelocity":0.0,"holonomicAngularVelocity":0.0},{"time":0.9323448363462509,"pose":{"rotation":{"radians":0.0},"translation":{"x":2.7677286270673065,"y":2.0}},"velocity":0.96342997310808,"acceleration":-2.0,"curvature":0,"holonomicRotation":0.0,"angularVelocity":0.0,"holonomicAngularVelocity":0.0},{"time":0.9375966505104986,"pose":{"rotation":{"radians":0.0},"translation":{"x":2.7727608006943205,"y":2.0}},"velocity":0.9529263447795845,"acceleration":-2.0000000000000213,"curvature":0,"holonomicRotation":0.0,"angularVelocity":0.0,"holonomicAngularVelocity":0.0},{"time":0.9428697119111735,"pose":{"rotation":{"radians":0.0},"translation":{"x":2.7777578346441287,"y":2.0}},"velocity":0.9423802219782346,"acceleration":-2.0,"curvature":0,"holonomicRotation":0.0,"angularVelocity":0.0,"holonomicAngularVelocity":0.0},{"time":0.9481639701397254,"pose":{"rotation":{"radians":0.0},"translation":{"x":2.782719009718571,"y":2.0}},"velocity":0.9317917055211307,"acceleration":-2.000000000000021,"curvature":0,"holonomicRotation":0.0,"angularVelocity":0.0,"holonomicAngularVelocity":0.0},{"time":0.9534793754010717,"pose":{"rotation":{"radians":0.0},"translation":{"x":2.7876436067194845,"y":2.0}},"velocity":0.921160894998438,"acceleration":-2.0,"curvature":0,"holonomicRotation":0.0,"angularVelocity":0.0,"holonomicAngularVelocity":0.0},{"time":0.9588158785261166,"pose":{"rotation":{"radians":0.0},"translation":{"x":2.792530906448709,"y":2.0}},"velocity":0.9104878887483484,"acceleration":-1.9999999999999791,"curvature":0,"holonomicRotation":0.0,"angularVelocity":0.0,"holonomicAngularVelocity":0.0},{"time":0.9641734309856409,"pose":{"rotation":{"radians":0.0},"translation":{"x":2.7973801897080834,"y":2.0}},"velocity":0.8997727838292997,"acceleration":-2.000000000000021,"curvature":0,"holonomicRotation":0.0,"angularVelocity":0.0,"holonomicAngularVelocity":0.0},{"time":0.9695519849057062,"pose":{"rotation":{"radians":0.0},"translation":{"x":2.8021907372994455,"y":2.0}},"velocity":0.8890156759891693,"acceleration":-1.9999999999999793,"curvature":0,"holonomicRotation":0.0,"angularVelocity":0.0,"holonomicAngularVelocity":0.0},{"time":0.9749514930847059,"pose":{"rotation":{"radians":0.0},"translation":{"x":2.806961830024633,"y":2.0}},"velocity":0.8782166596311699,"acceleration":-2.0,"curvature":0,"holonomicRotation":0.0,"angularVelocity":0.0,"holonomicAngularVelocity":0.0},{"time":0.9803719090122289,"pose":{"rotation":{"radians":0.0},"translation":{"x":2.8116927486854864,"y":2.0}},"velocity":0.8673758277761239,"acceleration":-1.9999999999999796,"curvature":0,"holonomicRotation":0.0,"angularVelocity":0.0,"holonomicAngularVelocity":0.0},{"time":0.9858131868898931,"pose":{"rotation":{"radians":0.0},"translation":{"x":2.816382774083843,"y":2.0}},"velocity":0.8564932720207957,"acceleration":-1.9999999999999796,"curvature":0,"holonomicRotation":0.0,"angularVelocity":0.0,"holonomicAngularVelocity":0.0},{"time":0.9912752816543708,"pose":{"rotation":{"radians":0.0},"translation":{"x":2.8210311870215423,"y":2.0}},"velocity":0.8455690824918402,"acceleration":-2.0,"curvature":0,"holonomicRotation":0.0,"angularVelocity":0.0,"holonomicAngularVelocity":0.0},{"time":0.9967581490028057,"pose":{"rotation":{"radians":0.0},"translation":{"x":2.8256372683004223,"y":2.0}},"velocity":0.8346033477949706,"acceleration":-1.9999999999999798,"curvature":0,"holonomicRotation":0.0,"angularVelocity":0.0,"holonomicAngularVelocity":0.0},{"time":1.002261745420874,"pose":{"rotation":{"radians":0.0},"translation":{"x":2.8302002987223216,"y":2.0}},"velocity":0.8235961549588338,"acceleration":-2.0000000000000404,"curvature":0,"holonomicRotation":0.0,"angularVelocity":0.0,"holonomicAngularVelocity":0.0},{"time":1.0077860282137683,"pose":{"rotation":{"radians":0.0},"translation":{"x":2.834719559089079,"y":2.0}},"velocity":0.8125475893730449,"acceleration":-2.0000000000000404,"curvature":0,"holonomicRotation":0.0,"angularVelocity":0.0,"holonomicAngularVelocity":0.0},{"time":1.0133309555404093,"pose":{"rotation":{"radians":0.0},"translation":{"x":2.839194330202532,"y":2.0}},"velocity":0.8014577347197629,"acceleration":-2.0,"curvature":0,"holonomicRotation":0.0,"angularVelocity":0.0,"holonomicAngularVelocity":0.0},{"time":1.0188964864512422,"pose":{"rotation":{"radians":0.0},"translation":{"x":2.8436238928645214,"y":2.0}},"velocity":0.7903266728980972,"acceleration":-1.99999999999998,"curvature":0,"holonomicRotation":0.0,"angularVelocity":0.0,"holonomicAngularVelocity":0.0},{"time":1.0244825809299962,"pose":{"rotation":{"radians":0.0},"translation":{"x":2.848007527876884,"y":2.0}},"velocity":0.7791544839405893,"acceleration":-1.99999999999998,"curvature":0,"holonomicRotation":0.0,"angularVelocity":0.0,"holonomicAngularVelocity":0.0},{"time":1.0300891999398794,"pose":{"rotation":{"radians":0.0},"translation":{"x":2.852344516041459,"y":2.0}},"velocity":0.7679412459208231,"acceleration":-1.9999999999999802,"curvature":0,"holonomicRotation":0.0,"angularVelocity":0.0,"holonomicAngularVelocity":0.0},{"time":1.0357163054746839,"pose":{"rotation":{"radians":0.0},"translation":{"x":2.856634138160085,"y":2.0}},"velocity":0.756687034851214,"acceleration":-2.0000000000000195,"curvature":0,"holonomicRotation":0.0,"angularVelocity":0.0,"holonomicAngularVelocity":0.0},{"time":1.041363860615394,"pose":{"rotation":{"radians":0.0},"translation":{"x":2.8608756750346003,"y":2.0}},"velocity":0.7453919245697934,"acceleration":-2.0000000000000195,"curvature":0,"holonomicRotation":0.0,"angularVelocity":0.0,"holonomicAngularVelocity":0.0},{"time":1.0470318295929388,"pose":{"rotation":{"radians":0.0},"translation":{"x":2.8650684074668438,"y":2.0}},"velocity":0.7340559866147041,"acceleration":-1.9999999999999805,"curvature":0,"holonomicRotation":0.0,"angularVelocity":0.0,"holonomicAngularVelocity":0.0},{"time":1.0527201778578301,"pose":{"rotation":{"radians":0.0},"translation":{"x":2.869211616258654,"y":2.0}},"velocity":0.7226792900849217,"acceleration":-1.999999999999961,"curvature":0,"holonomicRotation":0.0,"angularVelocity":0.0,"holonomicAngularVelocity":0.0},{"time":1.0584288721575357,"pose":{"rotation":{"radians":0.0},"translation":{"x":2.8733045822118695,"y":2.0}},"velocity":0.7112619014855105,"acceleration":-2.0000000000000195,"curvature":0,"holonomicRotation":0.0,"angularVelocity":0.0,"holonomicAngularVelocity":0.0},{"time":1.0641578806225482,"pose":{"rotation":{"radians":0.0},"translation":{"x":2.8773465861283287,"y":2.0}},"velocity":0.6998038845554854,"acceleration":-2.0,"curvature":0,"holonomicRotation":0.0,"angularVelocity":0.0,"holonomicAngularVelocity":0.0},{"time":1.0699071728622664,"pose":{"rotation":{"radians":0.0},"translation":{"x":2.8813369088098706,"y":2.0}},"velocity":0.6883053000760488,"acceleration":-2.000000000000019,"curvature":0,"holonomicRotation":0.0,"angularVelocity":0.0,"holonomicAngularVelocity":0.0},{"time":1.0756767200719546,"pose":{"rotation":{"radians":0.0},"translation":{"x":2.885274831058333,"y":2.0}},"velocity":0.6767662056566723,"acceleration":-2.0000000000000386,"curvature":0,"holonomicRotation":0.0,"angularVelocity":0.0,"holonomicAngularVelocity":0.0},{"time":1.081466495152259,"pose":{"rotation":{"radians":0.0},"translation":{"x":2.889159633675556,"y":2.0}},"velocity":0.6651866554960635,"acceleration":-2.0,"curvature":0,"holonomicRotation":0.0,"angularVelocity":0.0,"holonomicAngularVelocity":0.0},{"time":1.087276472842965,"pose":{"rotation":{"radians":0.0},"translation":{"x":2.8929905974633767,"y":2.0}},"velocity":0.6535667001146517,"acceleration":-2.0,"curvature":0,"holonomicRotation":0.0,"angularVelocity":0.0,"holonomicAngularVelocity":0.0},{"time":1.0931066298729724,"pose":{"rotation":{"radians":0.0},"translation":{"x":2.8967670032236343,"y":2.0}},"velocity":0.6419063860546369,"acceleration":-1.999999999999981,"curvature":0,"holonomicRotation":0.0,"angularVelocity":0.0,"holonomicAngularVelocity":0.0},{"time":1.0989569451287633,"pose":{"rotation":{"radians":0.0},"translation":{"x":2.900488131758167,"y":2.0}},"velocity":0.6302057555430551,"acceleration":-1.9999999999999811,"curvature":0,"holonomicRotation":0.0,"angularVelocity":0.0,"holonomicAngularVelocity":0.0},{"time":1.1048273998440221,"pose":{"rotation":{"radians":0.0},"translation":{"x":2.9041532638688143,"y":2.0}},"velocity":0.6184648461125374,"acceleration":-2.000000000000019,"curvature":0,"holonomicRotation":0.0,"angularVelocity":0.0,"holonomicAngularVelocity":0.0},{"time":1.1107179778135114,"pose":{"rotation":{"radians":0.0},"translation":{"x":2.907761680357414,"y":2.0}},"velocity":0.6066836901735588,"acceleration":-1.9999999999999811,"curvature":0,"holonomicRotation":0.0,"angularVelocity":0.0,"holonomicAngularVelocity":0.0},{"time":1.1166286656348474,"pose":{"rotation":{"radians":0.0},"translation":{"x":2.9113126620258045,"y":2.0}},"velocity":0.5948623145308869,"acceleration":-2.0,"curvature":0,"holonomicRotation":0.0,"angularVelocity":0.0,"holonomicAngularVelocity":0.0},{"time":1.122559452982446,"pose":{"rotation":{"radians":0.0},"translation":{"x":2.914805489675825,"y":2.0}},"velocity":0.5830007398356897,"acceleration":-1.9999999999999813,"curvature":0,"holonomicRotation":0.0,"angularVelocity":0.0,"holonomicAngularVelocity":0.0},{"time":1.1285103329186925,"pose":{"rotation":{"radians":0.0},"translation":{"x":2.9182394441093145,"y":2.0}},"velocity":0.5710989799631969,"acceleration":-1.9999999999999813,"curvature":0,"holonomicRotation":0.0,"angularVelocity":0.0,"holonomicAngularVelocity":0.0},{"time":1.134481302248301,"pose":{"rotation":{"radians":0.0},"translation":{"x":2.9216138061281103,"y":2.0}},"velocity":0.5591570413039799,"acceleration":-2.0000000000000373,"curvature":0,"holonomicRotation":0.0,"angularVelocity":0.0,"holonomicAngularVelocity":0.0},{"time":1.1404723619229757,"pose":{"rotation":{"radians":0.0},"translation":{"x":2.9249278565340515,"y":2.0}},"velocity":0.5471749219546302,"acceleration":-2.0,"curvature":0,"holonomicRotation":0.0,"angularVelocity":0.0,"holonomicAngularVelocity":0.0},{"time":1.146483517504823,"pose":{"rotation":{"radians":0.0},"translation":{"x":2.9281808761289767,"y":2.0}},"velocity":0.5351526107909359,"acceleration":-2.0,"curvature":0,"holonomicRotation":0.0,"angularVelocity":0.0,"holonomicAngularVelocity":0.0},{"time":1.1525147796986652,"pose":{"rotation":{"radians":0.0},"translation":{"x":2.9313721457147253,"y":2.0}},"velocity":0.523090086403251,"acceleration":-2.000000000000037,"curvature":0,"holonomicRotation":0.0,"angularVelocity":0.0,"holonomicAngularVelocity":0.0},{"time":1.15856616496544,"pose":{"rotation":{"radians":0.0},"translation":{"x":2.934500946093135,"y":2.0}},"velocity":0.5109873158697018,"acceleration":-1.9999999999999634,"curvature":0,"holonomicRotation":0.0,"angularVelocity":0.0,"holonomicAngularVelocity":0.0},{"time":1.1646376962314215,"pose":{"rotation":{"radians":0.0},"translation":{"x":2.937566558066044,"y":2.0}},"velocity":0.4988442533377387,"acceleration":-1.999999999999991,"curvature":0,"holonomicRotation":0.0,"angularVelocity":0.0,"holonomicAngularVelocity":0.0},{"time":1.1707294037111287,"pose":{"rotation":{"radians":0.0},"translation":{"x":2.940568262435292,"y":2.0}},"velocity":0.4866608383783245,"acceleration":-1.999999999999991,"curvature":0,"holonomicRotation":0.0,"angularVelocity":0.0,"holonomicAngularVelocity":0.0},{"time":1.176841325865704,"pose":{"rotation":{"radians":0.0},"translation":{"x":2.943505340002717,"y":2.0}},"velocity":0.4744369940691738,"acceleration":-2.000000000000009,"curvature":0,"holonomicRotation":0.0,"angularVelocity":0.0,"holonomicAngularVelocity":0.0},{"time":1.1829735105234918,"pose":{"rotation":{"radians":0.0},"translation":{"x":2.946377071570158,"y":2.0}},"velocity":0.4621726247535984,"acceleration":-1.9999999999999818,"curvature":0,"holonomicRotation":0.0,"angularVelocity":0.0,"holonomicAngularVelocity":0.0},{"time":1.1891260161957131,"pose":{"rotation":{"radians":0.0},"translation":{"x":2.949182737939453,"y":2.0}},"velocity":0.4498676134091556,"acceleration":-2.000000000000009,"curvature":0,"holonomicRotation":0.0,"angularVelocity":0.0,"holonomicAngularVelocity":0.0},{"time":1.1952989136280343,"pose":{"rotation":{"radians":0.0},"translation":{"x":2.951921619912441,"y":2.0}},"velocity":0.4375218185445132,"acceleration":-2.0,"curvature":0,"holonomicRotation":0.0,"angularVelocity":0.0,"holonomicAngularVelocity":0.0},{"time":1.2014922876388936,"pose":{"rotation":{"radians":0.0},"translation":{"x":2.95459299829096,"y":2.0}},"velocity":0.42513507052279487,"acceleration":-1.9999999999999643,"curvature":0,"holonomicRotation":0.0,"angularVelocity":0.0,"holonomicAngularVelocity":0.0},{"time":1.2077062393083995,"pose":{"rotation":{"radians":0.0},"translation":{"x":2.9571961538768496,"y":2.0}},"velocity":0.41270716718378325,"acceleration":-1.9999999999999731,"curvature":0,"holonomicRotation":0.0,"angularVelocity":0.0,"holonomicAngularVelocity":0.0},{"time":1.2139408885984155,"pose":{"rotation":{"radians":0.0},"translation":{"x":2.959730367471947,"y":2.0}},"velocity":0.4002378686037511,"acceleration":-2.000000000000009,"curvature":0,"holonomicRotation":0.0,"angularVelocity":0.0,"holonomicAngularVelocity":0.0},{"time":1.2201963775064446,"pose":{"rotation":{"radians":0.0},"translation":{"x":2.9621949198780926,"y":2.0}},"velocity":0.3877268907876928,"acceleration":-2.0000000000000266,"curvature":0,"holonomicRotation":0.0,"angularVelocity":0.0,"holonomicAngularVelocity":0.0},{"time":1.2264728738847956,"pose":{"rotation":{"radians":0.0},"translation":{"x":2.9645890918971234,"y":2.0}},"velocity":0.3751738980309907,"acceleration":-2.0,"curvature":0,"holonomicRotation":0.0,"angularVelocity":0.0,"holonomicAngularVelocity":0.0},{"time":1.2327705760951178,"pose":{"rotation":{"radians":0.0},"translation":{"x":2.9669121643308785,"y":2.0}},"velocity":0.36257849361034633,"acceleration":-2.0000000000000266,"curvature":0,"holonomicRotation":0.0,"angularVelocity":0.0,"holonomicAngularVelocity":0.0},{"time":1.2390897187199819,"pose":{"rotation":{"radians":0.0},"translation":{"x":2.969163417981197,"y":2.0}},"velocity":0.34994020836061834,"acceleration":-1.999999999999965,"curvature":0,"holonomicRotation":0.0,"angularVelocity":0.0,"holonomicAngularVelocity":0.0},{"time":1.2454305796233667,"pose":{"rotation":{"radians":0.0},"translation":{"x":2.9713421336499173,"y":2.0}},"velocity":0.3372584865538489,"acceleration":-1.9999999999999738,"curvature":0,"holonomicRotation":0.0,"angularVelocity":0.0,"holonomicAngularVelocity":0.0},{"time":1.251793488748107,"pose":{"rotation":{"radians":0.0},"translation":{"x":2.973447592138877,"y":2.0}},"velocity":0.324532668304368,"acceleration":-2.000000000000026,"curvature":0,"holonomicRotation":0.0,"angularVelocity":0.0,"holonomicAngularVelocity":0.0},{"time":1.2581788391718405,"pose":{"rotation":{"radians":0.0},"translation":{"x":2.975479074249916,"y":2.0}},"velocity":0.31176196745690116,"acceleration":-1.9999999999999913,"curvature":0,"holonomicRotation":0.0,"angularVelocity":0.0,"holonomicAngularVelocity":0.0},{"time":1.2645871011307543,"pose":{"rotation":{"radians":0.0},"translation":{"x":2.977435860784872,"y":2.0}},"velocity":0.29894544353907354,"acceleration":-1.9999999999999827,"curvature":0,"holonomicRotation":0.0,"angularVelocity":0.0,"holonomicAngularVelocity":0.0},{"time":1.2710188399881155,"pose":{"rotation":{"radians":0.0},"translation":{"x":2.979317232545584,"y":2.0}},"velocity":0.2860819658243514,"acceleration":-1.999999999999974,"curvature":0,"holonomicRotation":0.0,"angularVelocity":0.0,"holonomicAngularVelocity":0.0},{"time":1.2774747395120423,"pose":{"rotation":{"radians":0.0},"translation":{"x":2.9811224703338906,"y":2.0}},"velocity":0.2731701667764978,"acceleration":-2.0000000000000084,"curvature":0,"holonomicRotation":0.0,"angularVelocity":0.0,"holonomicAngularVelocity":0.0},{"time":1.2839556323973136,"pose":{"rotation":{"radians":0.0},"translation":{"x":2.9828508549516304,"y":2.0}},"velocity":0.2602083810059551,"acceleration":-2.0000000000000084,"curvature":0,"holonomicRotation":0.0,"angularVelocity":0.0,"holonomicAngularVelocity":0.0},{"time":1.2904625408208548,"pose":{"rotation":{"radians":0.0},"translation":{"x":2.9845016672006417,"y":2.0}},"velocity":0.24719456415887275,"acceleration":-2.0,"curvature":0,"holonomicRotation":0.0,"angularVelocity":0.0,"holonomicAngularVelocity":0.0},{"time":1.2969967311279396,"pose":{"rotation":{"radians":0.0},"translation":{"x":2.9860741878827635,"y":2.0}},"velocity":0.23412618354470305,"acceleration":-2.000000000000017,"curvature":0,"holonomicRotation":0.0,"angularVelocity":0.0,"holonomicAngularVelocity":0.0},{"time":1.3035597887906527,"pose":{"rotation":{"radians":0.0},"translation":{"x":2.987567697799834,"y":2.0}},"velocity":0.2210000682192767,"acceleration":-2.0000000000000084,"curvature":0,"holonomicRotation":0.0,"angularVelocity":0.0,"holonomicAngularVelocity":0.0},{"time":1.310153723058304,"pose":{"rotation":{"radians":0.0},"translation":{"x":2.9889814777536925,"y":2.0}},"velocity":0.20781219968397394,"acceleration":-2.000000000000021,"curvature":0,"holonomicRotation":0.0,"angularVelocity":0.0,"holonomicAngularVelocity":0.0},{"time":1.3167811161249174,"pose":{"rotation":{"radians":0.0},"translation":{"x":2.9903148085461764,"y":2.0}},"velocity":0.19455741355074688,"acceleration":-2.0000000000000333,"curvature":0,"holonomicRotation":0.0,"angularVelocity":0.0,"holonomicAngularVelocity":0.0},{"time":1.3234453408406324,"pose":{"rotation":{"radians":0.0},"translation":{"x":2.9915669709791253,"y":2.0}},"velocity":0.18122896411931716,"acceleration":-1.9999999999999791,"curvature":0,"holonomicRotation":0.0,"angularVelocity":0.0,"holonomicAngularVelocity":0.0},{"time":1.3301508872397299,"pose":{"rotation":{"radians":0.0},"translation":{"x":2.9927372458543773,"y":2.0}},"velocity":0.16781787132112216,"acceleration":-2.000000000000004,"curvature":0,"holonomicRotation":0.0,"angularVelocity":0.0,"holonomicAngularVelocity":0.0},{"time":1.3369038680795897,"pose":{"rotation":{"radians":0.0},"translation":{"x":2.9938249139737714,"y":2.0}},"velocity":0.15431190964140243,"acceleration":-2.0,"curvature":0,"holonomicRotation":0.0,"angularVelocity":0.0,"holonomicAngularVelocity":0.0},{"time":1.3437128315010827,"pose":{"rotation":{"radians":0.0},"translation":{"x":2.994829256139145,"y":2.0}},"velocity":0.14069398279841636,"acceleration":-2.0000000000000244,"curvature":0,"holonomicRotation":0.0,"angularVelocity":0.0,"holonomicAngularVelocity":0.0},{"time":1.350590127881902,"pose":{"rotation":{"radians":0.0},"translation":{"x":2.995749553152338,"y":2.0}},"velocity":0.12693939003677793,"acceleration":-1.999999999999992,"curvature":0,"holonomicRotation":0.0,"angularVelocity":0.0,"holonomicAngularVelocity":0.0},{"time":1.3575543406629342,"pose":{"rotation":{"radians":0.0},"translation":{"x":2.9965850858151892,"y":2.0}},"velocity":0.11301096447471333,"acceleration":-1.999999999999994,"curvature":0,"holonomicRotation":0.0,"angularVelocity":0.0,"holonomicAngularVelocity":0.0},{"time":1.364634926253672,"pose":{"rotation":{"radians":0.0},"translation":{"x":2.9973351349295365,"y":2.0}},"velocity":0.0988497932932375,"acceleration":-2.0000000000000115,"curvature":0,"holonomicRotation":0.0,"angularVelocity":0.0,"holonomicAngularVelocity":0.0},{"time":1.3718819372154094,"pose":{"rotation":{"radians":0.0},"translation":{"x":2.9979989812972185,"y":2.0}},"velocity":0.08435577136976286,"acceleration":-2.0000000000000058,"curvature":0,"holonomicRotation":0.0,"angularVelocity":0.0,"holonomicAngularVelocity":0.0},{"time":1.3793892356829955,"pose":{"rotation":{"radians":0.0},"translation":{"x":2.9985759057200734,"y":2.0}},"velocity":0.06934117443459073,"acceleration":-1.9999999999999816,"curvature":0,"holonomicRotation":0.0,"angularVelocity":0.0,"holonomicAngularVelocity":0.0},{"time":1.3873621387661836,"pose":{"rotation":{"radians":0.0},"translation":{"x":2.999065188999941,"y":2.0}},"velocity":0.053395368268214415,"acceleration":-2.0000000000000147,"curvature":0,"holonomicRotation":0.0,"angularVelocity":0.0,"holonomicAngularVelocity":0.0},{"time":1.3964007346054013,"pose":{"rotation":{"radians":0.0},"translation":{"x":2.9994661119386588,"y":2.0}},"velocity":0.035318176589779274,"acceleration":-1.9999999999999885,"curvature":0,"holonomicRotation":0.0,"angularVelocity":0.0,"holonomicAngularVelocity":0.0},{"time":1.414059822900291,"pose":{"rotation":{"radians":0.0},"translation":{"x":2.9997779553380655,"y":2.0}},"velocity":0,"acceleration":-1.9999999999999913,"curvature":0,"holonomicRotation":0.0,"angularVelocity":0.0,"holonomicAngularVelocity":0.0}]